{
  "modules": [
    {
      "moduleId": "a55m1",
      "courseId": "a55",
      "title": "Modul 0 : Introduction",
      "position": "0"
    },
    {
      "moduleId": "a55m2",
      "courseId": "a55",
      "title": "Modul 1 : Teori 1",
      "position": "1"
    },
    {
      "moduleId": "a55m3",
      "courseId": "a55",
      "title": "Latihan 1",
      "position": "2"
    },
    {
      "moduleId": "a55m4",
      "courseId": "a55",
      "title": "Bedah Kode 1",
      "position": "3"
    },
    {
      "moduleId": "a55m5",
      "courseId": "a55",
      "title": "Modul 2 : Teori 2",
      "position": "4"
    },
    {
      "moduleId": "a55m6",
      "courseId": "a55",
      "title": "Latihan 2",
      "position": "5"
    },
    {
      "moduleId": "a55m7",
      "courseId": "a55",
      "title": "Bedah Kode 2",
      "position": "6"
    }
  ]
}