{
  "modules": [
    {
      "moduleId": "a14m1",
      "courseId": "a14",
      "title": "Modul 0 : Introduction",
      "position": "0"
    },
    {
      "moduleId": "a14m2",
      "courseId": "a14",
      "title": "Modul 1 : Teori 1",
      "position": "1"
    },
    {
      "moduleId": "a14m3",
      "courseId": "a14",
      "title": "Latihan 1",
      "position": "2"
    },
    {
      "moduleId": "a14m4",
      "courseId": "a14",
      "title": "Bedah Kode 1",
      "position": "3"
    },
    {
      "moduleId": "a14m5",
      "courseId": "a14",
      "title": "Modul 2 : Teori 2",
      "position": "4"
    },
    {
      "moduleId": "a14m6",
      "courseId": "a14",
      "title": "Latihan 2",
      "position": "5"
    },
    {
      "moduleId": "a14m7",
      "courseId": "a14",
      "title": "Bedah Kode 2",
      "position": "6"
    }
  ]
}