{
  "modules": [
    {
      "moduleId": "a47m1",
      "courseId": "a47",
      "title": "Modul 0 : Introduction",
      "position": "0"
    },
    {
      "moduleId": "a47m2",
      "courseId": "a47",
      "title": "Modul 1 : Teori 1",
      "position": "1"
    },
    {
      "moduleId": "a47m3",
      "courseId": "a47",
      "title": "Latihan 1",
      "position": "2"
    },
    {
      "moduleId": "a47m4",
      "courseId": "a47",
      "title": "Bedah Kode 1",
      "position": "3"
    },
    {
      "moduleId": "a47m5",
      "courseId": "a47",
      "title": "Modul 2 : Teori 2",
      "position": "4"
    },
    {
      "moduleId": "a47m6",
      "courseId": "a47",
      "title": "Latihan 2",
      "position": "5"
    },
    {
      "moduleId": "a47m7",
      "courseId": "a47",
      "title": "Bedah Kode 2",
      "position": "6"
    }
  ]
}